Unnamed: 0,AAVE Question,SAE Question,SPARQL,Results,Attempts,names,Answer
0,What da seventh tallest mountain in North America?,What is the seventh tallest mountain in North America?,"SELECT ?item ?itemLabel ?elev WHERE {
  ?item wdt:P31/wdt:P279* wd:Q8502;
        wdt:P2044 ?elev;
        wdt:P17/wdt:P30 wd:Q49.
  SERVICE wikibase:label { bd:serviceParam wikibase:language ""en"". }
}
ORDER BY DESC(?elev)
OFFSET 6
LIMIT 1","{'head': {'vars': ['item', 'itemLabel', 'elev']}, 'results': {'bindings': [{'item': {'type': 'uri', 'value': 'http://www.wikidata.org/entity/Q5351150'}, 'elev': {'datatype': 'http://www.w3.org/2001/XMLSchema#decimal', 'type': 'literal', 'value': '14165'}, 'itemLabel': {'xml:lang': 'en', 'type': 'literal', 'value': 'El Diente Peak'}}]}}",1,El Diente Peak,Rocky Mountains
1,"Which actor was da star of Titanic and was born in Los Angeles, California?","Which actor was the star of Titanic and was born in Los Angeles, California?",,{},0,,robert mccartney
2,Which actor starred in Vanilla Sky and was married to Katie Holmes?,Which actor starred in Vanilla Sky and was married to Katie Holmes?,,{},0,,jimmy wilson
3,What year da first book of A Song of Ice and Fire series come out?,In what year was the first book of the A Song of Ice and Fire series released?,"SELECT (YEAR(?date) AS ?year) WHERE {
  ?series rdfs:label ""A Song of Ice and Fire""@en.
  ?book wdt:P179 ?series;
        wdt:P577 ?date.
  SERVICE wikibase:label { bd:serviceParam wikibase:language ""en"". }
}
ORDER BY ASC(?date)
LIMIT 1","{'head': {'vars': ['year']}, 'results': {'bindings': [{}]}}",1,,1999
4,Who da youngest current US governor?,Who is the youngest current U.S. governor?,"SELECT ?gov ?govLabel ?state ?stateLabel ?dob WHERE {
  ?state wdt:P31 wd:Q35657;
         wdt:P6 ?gov.
  ?gov wdt:P31 wd:Q5;
       wdt:P569 ?dob.
  SERVICE wikibase:label { bd:serviceParam wikibase:language ""en"". }
}
ORDER BY DESC(?dob)
LIMIT 1","{'head': {'vars': ['gov', 'govLabel', 'state', 'stateLabel', 'dob']}, 'results': {'bindings': [{'state': {'type': 'uri', 'value': 'http://www.wikidata.org/entity/Q1612'}, 'gov': {'type': 'uri', 'value': 'http://www.wikidata.org/entity/Q27986907'}, 'dob': {'datatype': 'http://www.w3.org/2001/XMLSchema#dateTime', 'type': 'literal', 'value': '1982-08-13T00:00:00Z'}, 'govLabel': {'xml:lang': 'en', 'type': 'literal', 'value': 'Sarah Sanders'}, 'stateLabel': {'xml:lang': 'en', 'type': 'literal', 'value': 'Arkansas'}}]}}",1,Sarah Sanders,George W. Bush
5,Which US president got da most votes?,Which U.S. president received the most votes?,,{},0,,Barack Obama
6,How long it take to build da Lincoln Memorial?,How long did it take to build the Lincoln Memorial?,,{},0,,10 years
7,Has Bernie Sanders ever been president of the United States?,Has Bernie Sanders ever been president of the United States?,"ASK WHERE {
  wd:Q359442 wdt:P39 wd:Q11696.
  SERVICE wikibase:label { bd:serviceParam wikibase:language ""en"". }
}","{'head': {}, 'boolean': False}",1,,yes
8,Which actor was Stephenie Meyer’s first pick to play Edward Cullen in da movie Twilight?,Which actor was Stephenie Meyer's first choice to play Edward Cullen in the movie Twilight?,,{},0,,Stephenie Meyer
9,How old was Taylor Swift when she won her first Grammy?,How old was Taylor Swift when she won her first Grammy?,,{},0,,18
10,Which river longer than da Mississippi River?,Which river is longer than the Mississippi River?,,{},0,,Mississippi River
11,How old is da singer of The Dance?,How old is the singer of The Dance?,"SELECT ?singer ?singerLabel ?age WHERE {
  VALUES ?class { wd:Q7366 wd:Q134556 }
  ?song wdt:P31 ?class;
        rdfs:label ""The Dance""@en;
        wdt:P175 ?singer.
  ?singer wdt:P31 wd:Q5;
          wdt:P569 ?birth.
  BIND(NOW() AS ?now)
  BIND((YEAR(?now) - YEAR(?birth) - IF(MONTH(?now) < MONTH(?birth) || (MONTH(?now) = MONTH(?birth) && DAY(?now) < DAY(?birth)), 1, 0)) AS ?age)
  SERVICE wikibase:label { bd:serviceParam wikibase:language ""en"". }
}","{'head': {'vars': ['singer', 'singerLabel', 'age']}, 'results': {'bindings': [{'singer': {'type': 'uri', 'value': 'http://www.wikidata.org/entity/Q216288'}, 'singerLabel': {'xml:lang': 'en', 'type': 'literal', 'value': 'Garth Brooks'}, 'age': {'datatype': 'http://www.w3.org/2001/XMLSchema#integer', 'type': 'literal', 'value': '63'}}]}}",1,Garth Brooks,18
12,What da latest US state to get in da union dat ain't Hawaii?,What was the latest U.S. state to join the union that isn't Hawaii?,,{},0,,Hawaii
13,Wha's da longest lake in da world?,What is the longest lake in the world?,"SELECT ?lake ?lakeLabel ?length WHERE {
  ?lake wdt:P31/wdt:P279* wd:Q23397.
  ?lake wdt:P2043 ?length.
  SERVICE wikibase:label { bd:serviceParam wikibase:language ""en"". }
}
ORDER BY DESC(?length)
LIMIT 1","{'head': {'vars': ['lake', 'lakeLabel', 'length']}, 'results': {'bindings': [{'lake': {'type': 'uri', 'value': 'http://www.wikidata.org/entity/Q26838793'}, 'length': {'datatype': 'http://www.w3.org/2001/XMLSchema#decimal', 'type': 'literal', 'value': '9300'}, 'lakeLabel': {'xml:lang': 'en', 'type': 'literal', 'value': 'Faydat Umm Shuwayjah'}}]}}",1,Faydat Umm Shuwayjah,
14,How many teams Matthew Stafford done played for?,How many teams has Matthew Stafford played for?,,{},0,,2
15,Where da singer of Genie in a Bottle born at?,"Where was the singer of ""Genie in a Bottle"" born?","SELECT ?place ?placeLabel WHERE {
  ?song wdt:P31 wd:Q7366;
        rdfs:label ""Genie in a Bottle""@en;
        wdt:P175 ?singer.
  ?singer wdt:P31 wd:Q5;
          wdt:P19 ?place.
  SERVICE wikibase:label { bd:serviceParam wikibase:language ""en"". }
}","{'head': {'vars': ['place', 'placeLabel']}, 'results': {'bindings': [{'place': {'type': 'uri', 'value': 'http://www.wikidata.org/entity/Q18432'}, 'placeLabel': {'xml:lang': 'en', 'type': 'literal', 'value': 'Staten Island'}}]}}",1,Staten Island,New York City
16,When Metallica drop dey fourth album?,When did Metallica release their fourth album?,,{},0,,"September 27, 2017"
17,"Which series older, Metroid or Super Mario Bros?","Which series is older, Metroid or Super Mario Bros?",,{},0,,Super Mario Bros
18,In which Super Mario Land game you don’t play as Mario?,In which Super Mario Land game do you not play as Mario?,"SELECT ?game ?gameLabel WHERE {
  ?game wdt:P31 wd:Q7889;
        rdfs:label ?label.
  FILTER(LANG(?label) = ""en"").
  FILTER(CONTAINS(LCASE(?label), ""super mario land"")).
  FILTER(NOT EXISTS { ?game wdt:P674 wd:Q1406 }).
  SERVICE wikibase:label { bd:serviceParam wikibase:language ""en"". }
}","{'head': {'vars': ['game', 'gameLabel']}, 'results': {'bindings': [{'game': {'type': 'uri', 'value': 'http://www.wikidata.org/entity/Q1634866'}, 'gameLabel': {'xml:lang': 'en', 'type': 'literal', 'value': 'Wario Land: Super Mario Land 3'}}, {'game': {'type': 'uri', 'value': 'http://www.wikidata.org/entity/Q596392'}, 'gameLabel': {'xml:lang': 'en', 'type': 'literal', 'value': 'Super Mario Land 2: 6 Golden Coins'}}, {'game': {'type': 'uri', 'value': 'http://www.wikidata.org/entity/Q647249'}, 'gameLabel': {'xml:lang': 'en', 'type': 'literal', 'value': 'Super Mario Land'}}]}}",1,Wario Land: Super Mario Land 3,Super Mario Land
19,Is Texas da largest state in da US?,Is Texas the largest state in the US?,,{},0,,Texas
20,How many times da Los Angeles Dodgers lost da World Series?,How many times did the Los Angeles Dodgers lose the World Series?,"SELECT (COUNT(DISTINCT ?series) AS ?losses) WHERE {
  ?ws rdfs:label ""World Series""@en.
  ?franchise (wdt:P1365|wdt:P1366)* wd:Q45169.
  { ?series wdt:P361 ?ws } UNION { ?series wdt:P31 ?ws }.
  ?series (wdt:P710|^wdt:P1344) ?franchise.
  ?series wdt:P1346 ?winner.
  FILTER(?winner != ?franchise)
  SERVICE wikibase:label { bd:serviceParam wikibase:language ""en"". }
}","{'head': {'vars': ['losses']}, 'results': {'bindings': [{'losses': {'datatype': 'http://www.w3.org/2001/XMLSchema#integer', 'type': 'literal', 'value': '0'}}]}}",1,0,2
21,Who was da president of Argentina from '89 to '99?,Who was the president of Argentina from 1989 to 1999?,,{},0,,edward iii
22,"Who was a member of da 2004 U.S. Olympic men's swim team and born in Baltimore, Maryland?","Who was a member of the 2004 U.S. Olympic men's swim team and was born in Baltimore, Maryland?","SELECT ?item ?itemLabel WHERE {
  ?item wdt:P31 wd:Q5;
        wdt:P19 wd:Q5092;
        wdt:P21 wd:Q6581097;
        wdt:P1344 wd:Q8567;
        wdt:P641 wd:Q31920.
  { ?item wdt:P1532 wd:Q30. } UNION { ?item wdt:P27 wd:Q30. }
  SERVICE wikibase:label { bd:serviceParam wikibase:language ""en"". }
}","{'head': {'vars': ['item', 'itemLabel']}, 'results': {'bindings': [{'item': {'type': 'uri', 'value': 'http://www.wikidata.org/entity/Q39562'}, 'itemLabel': {'xml:lang': 'en', 'type': 'literal', 'value': 'Michael Phelps'}}, {'item': {'type': 'uri', 'value': 'http://www.wikidata.org/entity/Q39562'}, 'itemLabel': {'xml:lang': 'en', 'type': 'literal', 'value': 'Michael Phelps'}}]}}",1,Michael Phelps,samuel wilson
23,Have da Los Angeles Rams won a Super Bowl ring since movin' back to Los Angeles?,Have the Los Angeles Rams won a Super Bowl ring since moving back to Los Angeles?,,{},0,,yes
24,What governors of Ohio since 2000 ain’t been Republican?,Who have been the governors of Ohio since 2000 who were not Republicans?,"SELECT DISTINCT ?person ?personLabel WHERE {
  ?person p:P39 ?posStmt.
  ?posStmt ps:P39 ?position.
  ?position wdt:P1001 wd:Q1397.
  ?position rdfs:label ?posLabel.
  FILTER(LANG(?posLabel)=""en"").
  FILTER(LCASE(STR(?posLabel)) = ""governor of ohio"").
  OPTIONAL { ?posStmt pq:P580 ?start. }
  OPTIONAL { ?posStmt pq:P582 ?end. }
  BIND(COALESCE(?end, ""9999-12-31T00:00:00Z""^^xsd:dateTime) AS ?e)
  FILTER(?e >= ""2000-01-01T00:00:00Z""^^xsd:dateTime)
  FILTER(NOT EXISTS { ?posStmt pq:P102 wd:Q29468 } && NOT EXISTS { ?person wdt:P102 wd:Q29468 })
  SERVICE wikibase:label { bd:serviceParam wikibase:language ""en"". }
}","{'head': {'vars': ['person', 'personLabel']}, 'results': {'bindings': [{'person': {'type': 'uri', 'value': 'http://www.wikidata.org/entity/Q465295'}, 'personLabel': {'xml:lang': 'en', 'type': 'literal', 'value': 'Ted Strickland'}}]}}",1,Ted Strickland,John F. Kennedy
25,AAVE Translation: Ain't never been no Christian U.S. senator?,Have there ever been a Christian U.S. senator?,,{},0,,AAVE
26,Is Venus Williams older den Serena Williams?,Is Venus Williams older than Serena Williams?,"ASK WHERE {
  ?venus wdt:P31 wd:Q5; rdfs:label ""Venus Williams""@en; wdt:P569 ?venusDOB.
  ?serena wdt:P31 wd:Q5; rdfs:label ""Serena Williams""@en; wdt:P569 ?serenaDOB.
  FILTER(?venusDOB < ?serenaDOB)
  SERVICE wikibase:label { bd:serviceParam wikibase:language ""en"". }
}","{'head': {}, 'boolean': True}",1,,no
27,Which player done won da most World Series rings?,Which player has won the most World Series rings?,,{},0,,Roger Federer
28,Did The Beatles drop Rubber Soul before Revolver?,Did The Beatles release Rubber Soul before Revolver?,"PREFIX wd: <http://www.wikidata.org/entity/>
PREFIX wdt: <http://www.wikidata.org/prop/direct/>
PREFIX rdfs: <http://www.w3.org/2000/01/rdf-schema#>
PREFIX wikibase: <http://wikiba.se/ontology#>
PREFIX bd: <http://www.bigdata.com/rdf#>

ASK {
  ?beatles rdfs:label ""The Beatles""@en.
  ?rubberSoul rdfs:label ""Rubber Soul""@en;
               wdt:P31 wd:Q482994;
               wdt:P175 ?beatles;
               wdt:P577 ?rsDate.
  ?revolver rdfs:label ""Revolver""@en;
            wdt:P31 wd:Q482994;
            wdt:P175 ?beatles;
            wdt:P577 ?revDate.
  FILTER(?rsDate < ?revDate)
  SERVICE wikibase:label { bd:serviceParam wikibase:language ""en"". }
}","{'head': {}, 'boolean': False}",1,,no
29,How old is Aziz Ansari?,How old is Aziz Ansari?,,{},0,,18
30,How many Pulitzer Prizes Colson Whitehead done won?,How many Pulitzer Prizes has Colson Whitehead won?,"SELECT (COUNT(?awardStatement) AS ?count) WHERE {
  ?person rdfs:label ""Colson Whitehead""@en;
          wdt:P31 wd:Q5;
          p:P166 ?awardStatement.
  ?awardStatement ps:P166 ?award.
  ?award wdt:P361 wd:Q35637.
  SERVICE wikibase:label { bd:serviceParam wikibase:language ""en"". }
}","{'head': {'vars': ['count']}, 'results': {'bindings': [{'count': {'datatype': 'http://www.w3.org/2001/XMLSchema#integer', 'type': 'literal', 'value': '0'}}]}}",1,0,two
31,"Who been in more movies, Kevin Hart or Dwayne Johnson?","Who has been in more movies, Kevin Hart or Dwayne Johnson?",,{},0,,Kevin Hart
32,Did da movie Moana come out before 2015?,Did the movie Moana come out before 2015?,,{},0,,yes
33,"Which movie made mo' money, Joker or Suicide Squad (2016)?","Which movie made more money, Joker or Suicide Squad (2016)?","SELECT ?film ?filmLabel ?boxOffice WHERE {
  VALUES ?title { ""Joker""@en ""Suicide Squad""@en }
  ?film wdt:P31 wd:Q11424;
        rdfs:label ?title;
        wdt:P577 ?pubdate;
        wdt:P2142 ?boxOffice.
  FILTER(YEAR(?pubdate) IN (2019, 2016))
  SERVICE wikibase:label { bd:serviceParam wikibase:language ""en"". }
}
ORDER BY DESC(?boxOffice)
LIMIT 1","{'head': {'vars': ['film', 'filmLabel', 'boxOffice']}, 'results': {'bindings': [{'film': {'type': 'uri', 'value': 'http://www.wikidata.org/entity/Q42759035'}, 'boxOffice': {'datatype': 'http://www.w3.org/2001/XMLSchema#decimal', 'type': 'literal', 'value': '1074458282'}, 'filmLabel': {'xml:lang': 'en', 'type': 'literal', 'value': 'Joker'}}]}}",1,Joker,Joker
34,"Which movie dropped first, Avengers: Endgame or Joker?","Which movie was released first, Avengers: Endgame or Joker?",,{},0,,Joker
35,Was Friday da 13th drop da same year as Halloween?,"In what year was Friday the 13th released, and was it the same year as Halloween?","SELECT ?fridayYear ?halloweenYear (?fridayYear = ?halloweenYear AS ?sameYear) WHERE {
  {
    SELECT (MIN(YEAR(?date1)) AS ?fridayYear) WHERE {
      ?f13 wdt:P31 wd:Q11424;
           rdfs:label ""Friday the 13th""@en;
           wdt:P577 ?date1.
    }
  }
  {
    SELECT (MIN(YEAR(?date2)) AS ?halloweenYear) WHERE {
      ?h wdt:P31 wd:Q11424;
         rdfs:label ""Halloween""@en;
         wdt:P577 ?date2.
    }
  }
  SERVICE wikibase:label { bd:serviceParam wikibase:language ""en"". }
}","{'head': {'vars': ['fridayYear', 'halloweenYear', 'sameYear']}, 'results': {'bindings': [{'fridayYear': {'datatype': 'http://www.w3.org/2001/XMLSchema#integer', 'type': 'literal', 'value': '1916'}, 'halloweenYear': {'datatype': 'http://www.w3.org/2001/XMLSchema#integer', 'type': 'literal', 'value': '1931'}, 'sameYear': {'datatype': 'http://www.w3.org/2001/XMLSchema#boolean', 'type': 'literal', 'value': 'false'}}]}}",1,1916,no
36,Did Scream come out before 2000?,Did Scream come out before the year 2000?,,{},0,,yes
37,"Who older, Drew Barrymore or Neve Campbell?","Who is older, Drew Barrymore or Neve Campbell?",,{},0,,Drew Barrymore
38,Was The Ring come out before 2005?,When did The Ring come out?,"SELECT (MIN(?publicationDate) AS ?firstReleaseDate) WHERE {
  wd:Q200092 wdt:P577 ?publicationDate.
  SERVICE wikibase:label { bd:serviceParam wikibase:language ""en"". }
}","{'head': {'vars': ['firstReleaseDate']}, 'results': {'bindings': [{}]}}",1,,no
39,"Who older, Jodie Foster or Julia Roberts?","Who is older, Jodie Foster or Julia Roberts?","SELECT ?person ?personLabel ?birthDate WHERE {
  VALUES ?article {
    <https://en.wikipedia.org/wiki/Jodie_Foster>
    <https://en.wikipedia.org/wiki/Julia_Roberts>
  }
  ?article schema:about ?person ;
           schema:inLanguage ""en"" ;
           schema:isPartOf <https://en.wikipedia.org/> .
  ?person wdt:P569 ?birthDate .
  SERVICE wikibase:label { bd:serviceParam wikibase:language ""en"". }
}
ORDER BY ASC(?birthDate)
LIMIT 1","{'head': {'vars': ['person', 'personLabel', 'birthDate']}, 'results': {'bindings': [{'person': {'type': 'uri', 'value': 'http://www.wikidata.org/entity/Q41351'}, 'birthDate': {'datatype': 'http://www.w3.org/2001/XMLSchema#dateTime', 'type': 'literal', 'value': '1962-11-19T00:00:00Z'}, 'personLabel': {'xml:lang': 'en', 'type': 'literal', 'value': 'Jodie Foster'}}]}}",1,Jodie Foster,Julia Roberts
40,"Who taller, Angelina Jolie or Brad Pitt?","Who is taller, Angelina Jolie or Brad Pitt?","SELECT ?person ?personLabel ?height WHERE {
  VALUES ?person { wd:Q13909 wd:Q35332 }
  ?person wdt:P2048 ?height.
  SERVICE wikibase:label { bd:serviceParam wikibase:language ""en"". }
}
ORDER BY DESC(?height)
LIMIT 1","{'head': {'vars': ['person', 'personLabel', 'height']}, 'results': {'bindings': [{'person': {'type': 'uri', 'value': 'http://www.wikidata.org/entity/Q35332'}, 'height': {'datatype': 'http://www.w3.org/2001/XMLSchema#decimal', 'type': 'literal', 'value': '180'}, 'personLabel': {'xml:lang': 'en', 'type': 'literal', 'value': 'Brad Pitt'}}]}}",1,Brad Pitt,Brad Pitt
41,Is Jake Gyllenhaal older than Maggie Gyllenhaal?,Is Jake Gyllenhaal older than Maggie Gyllenhaal?,,{},0,,Jake Gyllenhaal
42,Was Parasite come out after 2015?,Did Parasite come out after 2015?,,{},0,,no
43,Did Citizen Kane come out before 1950?,Did the movie Citizen Kane come out before 1950?,"PREFIX wd: <http://www.wikidata.org/entity/>
PREFIX wdt: <http://www.wikidata.org/prop/direct/>
PREFIX wikibase: <http://wikiba.se/ontology#>
PREFIX bd: <http://www.bigdata.com/rdf#>
PREFIX rdfs: <http://www.w3.org/2000/01/rdf-schema#>
PREFIX xsd: <http://www.w3.org/2001/XMLSchema#>

ASK WHERE {
  ?film wdt:P31 wd:Q11424;
        rdfs:label ""Citizen Kane""@en;
        wdt:P577 ?date.
  FILTER (?date < ""1950-01-01T00:00:00Z""^^xsd:dateTime)
  SERVICE wikibase:label { bd:serviceParam wikibase:language ""en"". }
}","{'head': {}, 'boolean': True}",1,,yes
44,Is Tom Cruise younger than Denzel Washington?,Is Tom Cruise younger than Denzel Washington?,,{},0,,Denzel Washington
45,Was Avatar's budget mo' than $200 million?,Was Avatar's budget more than $200 million?,,{},0,,no
46,"Which movie had a higher lifetime gross, Titanic or Avatar?","Which movie had a higher lifetime gross, Titanic or Avatar?",,{},0,,Avatar
47,"Which movie made mo' money, Jurassic World or The Lion King?","Which movie made more money, Jurassic World or The Lion King?",,{},0,,The Lion King
48,"Which Netflix series been watched more, Tiger King or The Queen's Gambit?","Which Netflix series has been watched more, Tiger King or The Queen's Gambit?",,{},0,,Tiger King
49,"Which Netflix series been watched more, Bridgerton or Tiger King?","Which Netflix series has been watched more, Bridgerton or Tiger King?",,{},0,,Tiger King
50,"Which one make more money in 2020, 1917 or Bad Boys for Life?","In what year did Mandela become the President of South Africa, and how long did he remain in office?","SELECT ?startYear ?durationYears WHERE {
  wd:Q258 p:P35 ?st.
  ?st ps:P35 wd:Q8023;
      pq:P580 ?start;
      pq:P582 ?end.
  BIND(year(?start) AS ?startYear)
  BIND(year(?end) - year(?start) AS ?durationYears)
  SERVICE wikibase:label { bd:serviceParam wikibase:language ""en"". }
}
LIMIT 1","{'head': {'vars': ['startYear', 'durationYears']}, 'results': {'bindings': []}}",1,,Bad Boys for Life
51,Is Tom Hanks older den Ron Howard?,Is Tom Hanks older than Ron Howard?,"SELECT ?tom ?tomLabel ?tomDOB ?ron ?ronLabel ?ronDOB ?isTomOlder WHERE {
  ?article1 schema:about ?tom;
            schema:inLanguage ""en"";
            schema:isPartOf <https://en.wikipedia.org/>;
            schema:name ""Tom Hanks"".
  ?tom wdt:P569 ?tomDOB.
  ?article2 schema:about ?ron;
            schema:inLanguage ""en"";
            schema:isPartOf <https://en.wikipedia.org/>;
            schema:name ""Ron Howard"".
  ?ron wdt:P569 ?ronDOB.
  BIND(?tomDOB < ?ronDOB AS ?isTomOlder)
  SERVICE wikibase:label { bd:serviceParam wikibase:language ""en"". }
}","{'head': {'vars': ['tom', 'tomLabel', 'tomDOB', 'ron', 'ronLabel', 'ronDOB', 'isTomOlder']}, 'results': {'bindings': []}}",1,,yes
52,Did Avatar come out before 2000?,Did the movie Avatar come out before the year 2000?,,{},0,,yes
53,Did Hurt Locker or Avatar have da smaller budget?,"Which movie had the smaller budget, Hurt Locker or Avatar?",,{},0,,Hurt Locker
54,Did Avatar come out before 2010?,Did the movie Avatar come out before 2010?,,{},0,,no
55,Did Searching come out the same year as Halloween?,Did Searching come out the same year as Halloween?,,{},0,,no
56,Is Henry Cavill taller den Ben Affleck?,Is Henry Cavill taller than Ben Affleck?,,{},0,,yes
57,Did Inception have a bigger budget than Dunkirk?,Did Inception have a bigger budget than Dunkirk?,,{},0,,no
58,Did da Thing come out before Halloween?,Did The Thing come out before Halloween?,"SELECT ?thing ?thingLabel ?thingDate ?halloween ?halloweenLabel ?halloweenDate (?thingDate < ?halloweenDate AS ?theThingBeforeHalloween) WHERE {
  {
    SELECT ?thing (MIN(?d) AS ?thingDate) WHERE {
      ?thingArticle schema:about ?thing;
                    schema:isPartOf <https://en.wikipedia.org/>;
                    schema:name ""The Thing (1982 film)""@en.
      ?thing wdt:P577 ?d.
    } GROUP BY ?thing
  }
  {
    SELECT ?halloween (MIN(?d2) AS ?halloweenDate) WHERE {
      ?halloweenArticle schema:about ?halloween;
                        schema:isPartOf <https://en.wikipedia.org/>;
                        schema:name ""Halloween (1978 film)""@en.
      ?halloween wdt:P577 ?d2.
    } GROUP BY ?halloween
  }
  SERVICE wikibase:label { bd:serviceParam wikibase:language ""en"". }
}","{'head': {'vars': ['thing', 'thingLabel', 'thingDate', 'halloween', 'halloweenLabel', 'halloweenDate', 'theThingBeforeHalloween']}, 'results': {'bindings': [{'thing': {'type': 'uri', 'value': 'http://www.wikidata.org/entity/Q210756'}, 'thingDate': {'datatype': 'http://www.w3.org/2001/XMLSchema#dateTime', 'type': 'literal', 'value': '1982-01-01T00:00:00Z'}, 'halloween': {'type': 'uri', 'value': 'http://www.wikidata.org/entity/Q221103'}, 'halloweenDate': {'datatype': 'http://www.w3.org/2001/XMLSchema#dateTime', 'type': 'literal', 'value': '1978-10-25T00:00:00Z'}, 'thingLabel': {'xml:lang': 'en', 'type': 'literal', 'value': 'The Thing'}, 'halloweenLabel': {'xml:lang': 'en', 'type': 'literal', 'value': 'Halloween'}, 'theThingBeforeHalloween': {'datatype': 'http://www.w3.org/2001/XMLSchema#boolean', 'type': 'literal', 'value': 'false'}}]}}",1,The Thing,yes
59,Is Brad Pitt older den Leonardo DiCaprio?,Is Brad Pitt older than Leonardo DiCaprio?,,{},0,,no
60,"Who younger, Al Pacino or Robert De Niro?","Who is younger, Al Pacino or Robert De Niro?",,{},0,,Robert De Niro
61,Was Train to Busan drop the same year as John Wick 2?,Did Train to Busan come out the same year as John Wick 2?,,{},0,,no
62,Do Michael Douglas an' Catherine Zeta-Jones got da same birthday?,Do Michael Douglas and Catherine Zeta-Jones have the same birthday?,,{},0,,no
63,"Who done won more Academy Awards, Helen Mirren or Cate Blanchett?","Who has won more Academy Awards, Helen Mirren or Cate Blanchett?",,{},0,,Helen Mirren
64,"Which horror movie made more money at da US Box Office, The Happening (2008) or The Conjuring (2013)?","Which horror movie made more money at the US Box Office, The Happening (2008) or The Conjuring (2013)?",,{},0,,The Conjuring
65,"Who got dey first movie credit as an actor first, George Clooney or Matt Damon?","Who was the first to receive their first movie credit as an actor, George Clooney or Matt Damon?",,{},0,,George Clooney
66,"Which actor taller, The Rock or Terry Crews?","Which actor is taller, The Rock or Terry Crews?",,{},0,,Terry Crews
67,Did da original Ocean's Eleven come out afta 1965?,When did the original Ocean's Eleven come out?,,{},0,,no
68,Was Pixar's Soul an Onward dropped in da same year?,Was Pixar's Soul released in the same year as Onward?,,{},0,,no
69,Did Tom Hanks get his first Academy Award nomination for Big or Sleepless in Seattle?,"In what movie did Tom Hanks first receive an Academy Award nomination, Big or Sleepless in Seattle?",,{},0,,Big
70,Did Avengers: Endgame have a bigger budget den Avengers: Infinity War?,Did Avengers: Endgame have a bigger budget than Avengers: Infinity War?,,{},0,,no
71,"Who older, Anna Faris or Jennifer Aniston?","Who is older, Anna Faris or Jennifer Aniston?","SELECT ?item ?itemLabel ?dob WHERE {
  VALUES ?name { ""Anna Faris""@en ""Jennifer Aniston""@en }
  ?item wdt:P31 wd:Q5;
        rdfs:label ?name;
        wdt:P569 ?dob.
  SERVICE wikibase:label { bd:serviceParam wikibase:language ""en"". }
}
ORDER BY ?dob
LIMIT 1","{'head': {'vars': ['item', 'itemLabel', 'dob']}, 'results': {'bindings': [{'item': {'type': 'uri', 'value': 'http://www.wikidata.org/entity/Q32522'}, 'dob': {'datatype': 'http://www.w3.org/2001/XMLSchema#dateTime', 'type': 'literal', 'value': '1969-02-11T00:00:00Z'}, 'itemLabel': {'xml:lang': 'en', 'type': 'literal', 'value': 'Jennifer Aniston'}}]}}",1,Jennifer Aniston,Jennifer Aniston
72,Did Twilight come out before '95?,Did Twilight come out before 1995?,,{},0,,yes
73,Did The Twilight Saga: New Moon come out 'fore 1995?,Did The Twilight Saga: New Moon come out before 1995?,,{},0,,no
74,Was the series 24 come out before Designated Survivor?,Did the series 24 come out before Designated Survivor?,,{},0,,no
75,"Who started actin' earlier, Kevin Spacey or Kiefer Sutherland?","Who started acting earlier, Kevin Spacey or Kiefer Sutherland?","SELECT ?person ?personLabel (MIN(?start) AS ?earliestStart) WHERE {
  VALUES ?name {""Kevin Spacey""@en ""Kiefer Sutherland""@en}
  ?person rdfs:label ?name.
  ?person wdt:P31 wd:Q5.
  ?person wdt:P2031 ?start.
  SERVICE wikibase:label { bd:serviceParam wikibase:language ""en"". }
}
GROUP BY ?person ?personLabel
ORDER BY ?earliestStart
LIMIT 1","{'head': {'vars': ['person', 'personLabel', 'earliestStart']}, 'results': {'bindings': [{'person': {'type': 'uri', 'value': 'http://www.wikidata.org/entity/Q25144'}, 'personLabel': {'xml:lang': 'en', 'type': 'literal', 'value': 'Kevin Spacey'}, 'earliestStart': {'datatype': 'http://www.w3.org/2001/XMLSchema#dateTime', 'type': 'literal', 'value': '1981-01-01T00:00:00Z'}}]}}",1,Kevin Spacey,Kevin Spacey
76,"Which movie made mo' money, Avatar or Spectre?","Which movie made more money, Avatar or Spectre?","SELECT ?film ?filmLabel ?box WHERE {
  {
    ?film wdt:P31 wd:Q11424;
          rdfs:label ""Avatar""@en;
          wdt:P577 ?date;
          wdt:P2142 ?box.
    FILTER(YEAR(?date)=2009)
  }
  UNION
  {
    ?film wdt:P31 wd:Q11424;
          rdfs:label ""Spectre""@en;
          wdt:P577 ?date;
          wdt:P2142 ?box.
    FILTER(YEAR(?date)=2015)
  }
  SERVICE wikibase:label { bd:serviceParam wikibase:language ""en"". }
}
ORDER BY DESC(?box)
LIMIT 1","{'head': {'vars': ['film', 'filmLabel', 'box']}, 'results': {'bindings': [{'film': {'type': 'uri', 'value': 'http://www.wikidata.org/entity/Q24871'}, 'box': {'datatype': 'http://www.w3.org/2001/XMLSchema#decimal', 'type': 'literal', 'value': '2847379794'}, 'filmLabel': {'xml:lang': 'en', 'type': 'literal', 'value': 'Avatar'}}]}}",1,Avatar,Avatar
77,Is Leonardo DiCaprio taller dan Joseph Gordon-Levitt?,Is Leonardo DiCaprio taller than Joseph Gordon-Levitt?,,{},0,,no
78,"Which movie had a bigger budget, The Wizard of Oz or Gone With da Wind?","Which movie had a bigger budget, The Wizard of Oz or Gone With the Wind?",,{},0,,Gone With da Wind
79,Did Taxi Driver come out afte' 1980?,When did Taxi Driver come out?,,{},0,,no
80,Is Emma Watson taller dan Rupert Grint?,Is Emma Watson taller than Rupert Grint?,,{},0,,no
81,Did Iron Man 2 come out before Avengers: Age of Ultron?,Did Iron Man 2 come out before Avengers: Age of Ultron?,,{},0,,yes
82,Was The Godfather come out after 1970?,When was The Godfather released?,,{},0,,yes
83,Is Sarah Jessica Parker older than Emma Stone?,Is Sarah Jessica Parker older than Emma Stone?,,{},0,,Emma Stone
84,Is Tom Cruise taller than Hugh Jackman?,Is Tom Cruise taller than Hugh Jackman?,,{},0,,Hugh Jackman
85,Who taller when ya compare Emma Stone to Winona Ryder?,Who is taller when you compare Emma Stone to Winona Ryder?,"SELECT ?person ?personLabel ?height WHERE {
  VALUES ?name { ""Emma Stone""@en ""Winona Ryder""@en }
  ?person rdfs:label ?name;
          wdt:P31 wd:Q5;
          wdt:P106 wd:Q33999;
          wdt:P2048 ?height.
  SERVICE wikibase:label { bd:serviceParam wikibase:language ""en"". }
}
ORDER BY DESC(?height)
LIMIT 1","{'head': {'vars': ['person', 'personLabel', 'height']}, 'results': {'bindings': [{'person': {'type': 'uri', 'value': 'http://www.wikidata.org/entity/Q147077'}, 'height': {'datatype': 'http://www.w3.org/2001/XMLSchema#decimal', 'type': 'literal', 'value': '168'}, 'personLabel': {'xml:lang': 'en', 'type': 'literal', 'value': 'Emma Stone'}}]}}",1,Emma Stone,Winona Ryder
86,Was da box office earnings for The Wolf of Wall Street or Inception higher?,Were the box office earnings for The Wolf of Wall Street or Inception higher?,,{},0,,Inception
87,Did Avengers or The Lion King have da highest budget in 2019?,Did Avengers or The Lion King have the highest budget in 2019?,,{},0,,The Lion King
88,Did Avatar come out before or after 2010?,Did the movie Avatar come out before or after 2010?,,{},0,,before
89,Did Avengers: Age of Ultron or Avengers: Endgame make mo' worldwide gross?,"Which movie made more worldwide gross, Avengers: Age of Ultron or Avengers: Endgame?","SELECT ?film ?filmLabel (MAX(?boxOffice) AS ?worldwideGross) WHERE {
  VALUES ?title { ""Avengers: Age of Ultron""@en ""Avengers: Endgame""@en }
  ?film wdt:P31 wd:Q11424;
        wdt:P1476 ?title;
        wdt:P2142 ?boxOffice.
  SERVICE wikibase:label { bd:serviceParam wikibase:language ""en"". }
}
GROUP BY ?film ?filmLabel
ORDER BY DESC(?worldwideGross)
LIMIT 1","{'head': {'vars': ['film', 'filmLabel', 'worldwideGross']}, 'results': {'bindings': [{'film': {'type': 'uri', 'value': 'http://www.wikidata.org/entity/Q23781155'}, 'filmLabel': {'xml:lang': 'en', 'type': 'literal', 'value': 'Avengers: Endgame'}, 'worldwideGross': {'datatype': 'http://www.w3.org/2001/XMLSchema#decimal', 'type': 'literal', 'value': '2797501328'}}]}}",1,Avengers: Endgame,Avengers: Endgame
90,"Which movie won mo Academy Awards, Titanic or Slumdog Millionaire?","Which movie won more Academy Awards, Titanic or Slumdog Millionaire?",,{},0,,Titanic
91,Was The Twilight Saga: Eclipse drop 'fore The Twilight Saga: New Moon?,Was The Twilight Saga: Eclipse released before The Twilight Saga: New Moon?,,{},0,,no
92,Is Elijah Wood shorter than Sean Astin?,Is Elijah Wood shorter than Sean Astin?,"SELECT ?isElijahShorter WHERE {
  ?wood wdt:P31 wd:Q5; rdfs:label ""Elijah Wood""@en; wdt:P2048 ?woodHeight.
  ?astin wdt:P31 wd:Q5; rdfs:label ""Sean Astin""@en; wdt:P2048 ?astinHeight.
  BIND(?woodHeight < ?astinHeight AS ?isElijahShorter)
  SERVICE wikibase:label { bd:serviceParam wikibase:language ""en"". }
}","{'head': {'vars': ['isElijahShorter']}, 'results': {'bindings': []}}",1,,yes
93,Did da movie Moonraker come out before Live and Let Die?,Did the movie Moonraker come out before Live and Let Die?,,{},0,,yes
94,Did da movie Thunderball come out before 1970?,Did the movie Thunderball come out before 1970?,,{},0,,yes
95,"Who older, Billy Crystal or Adam Sandler?","Who is older, Billy Crystal or Adam Sandler?",,{},0,,Adam Sandler
96,"Which movie made more money, Toy Story or Men In Black?","Which movie made more money, Toy Story or Men in Black?","SELECT ?film ?filmLabel ?boxOffice WHERE {
  VALUES ?title { ""Toy Story""@en ""Men in Black""@en }
  ?film wdt:P31 wd:Q11424;
        wdt:P1476 ?title;
        wdt:P2142 ?boxOffice.
  SERVICE wikibase:label { bd:serviceParam wikibase:language ""en"". }
}
ORDER BY DESC(?boxOffice)","{'head': {'vars': ['film', 'filmLabel', 'boxOffice']}, 'results': {'bindings': [{'film': {'type': 'uri', 'value': 'http://www.wikidata.org/entity/Q51416'}, 'boxOffice': {'datatype': 'http://www.w3.org/2001/XMLSchema#decimal', 'type': 'literal', 'value': '589390539'}, 'filmLabel': {'xml:lang': 'en', 'type': 'literal', 'value': 'Men in Black'}}, {'film': {'type': 'uri', 'value': 'http://www.wikidata.org/entity/Q51416'}, 'boxOffice': {'datatype': 'http://www.w3.org/2001/XMLSchema#decimal', 'type': 'literal', 'value': '250690539'}, 'filmLabel': {'xml:lang': 'en', 'type': 'literal', 'value': 'Men in Black'}}]}}",1,Men in Black,Toy Story
97,"Which movie made more money, Toy Story 4 or Transformers?","Which movie made more money, Toy Story 4 or Transformers?",,{},0,,Transformers
98,Did Parasite come out before 2020?,Did the movie Parasite come out before 2020?,,{},0,,no
99,Did Parasite come out afta 2018?,Did Parasite come out after 2018?,,{},0,,no
